{
  "employees": [
    {
      "id": 1,
      "first_name": "Robert",
      "last_name": "Schwartz",
      "email": "rob23@gmail.com",
      "department": "Human Resources",
      "position": "HR Manager",
      "salary": 65000
    },
    {
      "id": 2,
      "first_name": "Lucy",
      "last_name": "Ballmer",
      "email": "lucyb56@gmail.com",
      "department": "Sales",
      "position": "Sales Associate",
      "salary": 50000
    },
    {
      "id": 3,
      "first_name": "Anna",
      "last_name": "Smith",
      "email": "annasmith23@gmail.com",
      "department": "Engineering",
      "position": "Software Engineer",
      "salary": 75000
    },
    {
      "id": 4,
      "first_name": "Robert",
      "last_name": "Brown",
      "email": "bobbrown432@yahoo.com",
      "department": "Marketing",
      "position": "Marketing Specialist",
      "salary": 55000
    },
    {
      "id": 5,
      "first_name": "David",
      "last_name": "Lee",
      "email": "david.lee@example.com",
      "department": "Finance",
      "position": "Financial Analyst",
      "salary": 70000
    }
  ],
  "users": [
    {
      "id": 1,
      "first_name": "Robert",
      "last_name": "Schwartz",
      "email": "rob23@gmail.com"
    },
    {
      "id": 2,
      "first_name": "Lucy",
      "last_name": "Ballmer",
      "email": "lucyb56@gmail.com"
    },
    {
      "id": 3,
      "first_name": "Anna",
      "last_name": "Smith",
      "email": "annasmith23@gmail.com"
    },
    {
      "id": 4,
      "first_name": "Robert",
      "last_name": "Brown",
      "email": "bobbrown432@yahoo.com"
    },
    {
      "id": 5,
      "first_name": "Roger",
      "last_name": "Bacon",
      "email": "rogerbacon12@yahoo.com"
    }
  ]
}